{"cameraMode":{"drawMode":0,"name":"Shaded","section":"Shading Mode"},"sceneLighting":false,"audioPlay":false,"sceneViewState":{"m_AlwaysRefresh":false,"showFog":true,"showSkybox":false,"showFlares":true,"showImageEffects":true,"showParticleSystems":true,"showVisualEffectGraphs":true,"m_FxEnabled":true},"in2DMode":false,"pivot":{"x":13.484498977661133,"y":3.1573991775512697,"z":3.2599053382873537},"rotation":{"x":-0.01106653455644846,"y":-0.9862090945243836,"z":0.1478499323129654,"w":-0.0738152414560318},"size":0.6020349264144898,"orthographic":false}