{"cameraMode":{"drawMode":0,"name":"Shaded","section":"Shading Mode"},"sceneLighting":false,"audioPlay":false,"sceneViewState":{"m_AlwaysRefresh":false,"showFog":true,"showSkybox":false,"showFlares":true,"showImageEffects":true,"showParticleSystems":true,"showVisualEffectGraphs":true,"m_FxEnabled":true},"in2DMode":false,"pivot":{"x":-8.794317245483399,"y":21.898277282714845,"z":-0.056810855865478519},"rotation":{"x":0.2013733834028244,"y":0.02203337848186493,"z":-0.004530943464487791,"w":0.9792681932449341},"size":1.732050895690918,"orthographic":false}